{"front": {"K": [[264.6894944950557, 0.6274920293269916, 480.2008568767866], [0.0, 264.88158832853867, 233.53962761395263], [0.0, 0.0, 1.0]], "D": [[0.08784621642497063], [0.004911688002693514], [-0.005374290660370311], [-0.0016763020249684307]]}, "back": {"K": [[263.63304033137456, 0.6117628704658495, 479.41193504721247], [0.0, 264.00341225352827, 232.58796668497797], [0.0, 0.0, 1.0]], "D": [[0.08953590909479034], [0.023624458742120148], [-0.02476696988479289], [0.0032895654855077477]]}, "left": {"K": [[261.66697456274704, 0.5660283366219551, 483.4849201278561], [0.0, 261.56397339170377, 229.3590203707631], [0.0, 0.0, 1.0]], "D": [[0.09989161265313878], [0.002242860232575362], [-0.003568792293581535], [-0.003158523887217105]]}, "right": {"K": [[262.30202734452394, 0.5868926517347072, 478.28880687614003], [0.0, 262.92560403382777, 234.30778704797777], [0.0, 0.0, 1.0]], "D": [[0.08849103700898017], [0.035681960245154305], [-0.03662488614628828], [0.00663683026705313]]}}