{"mtx": [[276.010937421478, 0.0, 494.05046899384877], [0.0, 274.09301344349956, 214.2852376756433], [0.0, 0.0, 1.0]], "dist": [[-0.16094601182415402, 0.020574834258561596, 0.0015634853750924726, 0.00026460688776373234, -0.001013908904780362]]}