{"K": [[260.1606803060345, 0.0, 482.03501282819445], [0.0, 259.8479256793723, 233.86399772566318], [0.0, 0.0, 1.0]], "D": [[0.10290754313026829], [0.009508906315375976], [-0.0137305386770458], [0.0001868977848859361]]}