{"mtx": [[260.15927460336115, 0.0, 482.04978334543847], [0.0, 259.8546739616458, 233.91027213950622], [0.0, 0.0, 1.0]], "dist": [[0.10259329134210127], [0.010338693204833193], [-0.01448086571699167], [0.000399714351541376]]}